L1,L2,L3,L4,L5,isCoupled
신선 식품 · 원물 재료,육류,소고기,등심,,TRUE
신선 식품 · 원물 재료,육류,소고기,안심,,TRUE
신선 식품 · 원물 재료,육류,소고기,채끝,,TRUE
신선 식품 · 원물 재료,육류,소고기,양지,,TRUE
신선 식품 · 원물 재료,육류,소고기,차돌박이,,TRUE
신선 식품 · 원물 재료,육류,소고기,부채살,,TRUE
신선 식품 · 원물 재료,육류,소고기,갈비살,,TRUE
신선 식품 · 원물 재료,육류,소고기,살치살,,TRUE
신선 식품 · 원물 재료,육류,소고기,사태,,TRUE
신선 식품 · 원물 재료,육류,소고기,목심,,TRUE
신선 식품 · 원물 재료,육류,소고기,우둔살,,TRUE
신선 식품 · 원물 재료,육류,소고기,설도,,TRUE
신선 식품 · 원물 재료,육류,소고기,혀(우설),,TRUE
신선 식품 · 원물 재료,육류,소고기,꼬리,,TRUE
신선 식품 · 원물 재료,육류,소고기,힘줄(스지),,TRUE
신선 식품 · 원물 재료,육류,소고기,아롱사태,,TRUE
신선 식품 · 원물 재료,육류,소고기,곱창,,TRUE
신선 식품 · 원물 재료,육류,소고기,막창,,TRUE
신선 식품 · 원물 재료,육류,소고기,대창,,TRUE
신선 식품 · 원물 재료,육류,소고기,양(위),,TRUE
신선 식품 · 원물 재료,육류,소고기,홍두깨살,,TRUE
신선 식품 · 원물 재료,육류,소고기,도가니,,TRUE
신선 식품 · 원물 재료,육류,소고기,안창살,,TRUE
신선 식품 · 원물 재료,육류,소고기,토시살,,TRUE
신선 식품 · 원물 재료,육류,소고기,제비추리,,TRUE
신선 식품 · 원물 재료,육류,소고기,머릿고기,,TRUE
신선 식품 · 원물 재료,육류,소고기,염통,,TRUE
신선 식품 · 원물 재료,육류,소고기,오드레기,,TRUE
신선 식품 · 원물 재료,육류,소고기,간,,TRUE
신선 식품 · 원물 재료,육류,소고기,천엽,,TRUE
신선 식품 · 원물 재료,육류,소고기,뼈,,TRUE
신선 식품 · 원물 재료,육류,소고기,족발(우족),,TRUE
신선 식품 · 원물 재료,육류,소고기,선지,,TRUE
신선 식품 · 원물 재료,육류,소고기,다짐육,,TRUE
신선 식품 · 원물 재료,육류,소고기,우삼겹,,TRUE
신선 식품 · 원물 재료,육류,소고기,대패 등심,,TRUE
신선 식품 · 원물 재료,육류,소고기,대패 앞다리살,,TRUE
신선 식품 · 원물 재료,육류,돼지고기,삼겹살,,TRUE
신선 식품 · 원물 재료,육류,돼지고기,목살,,TRUE
신선 식품 · 원물 재료,육류,돼지고기,항정살,,TRUE
신선 식품 · 원물 재료,육류,돼지고기,갈비,,TRUE
신선 식품 · 원물 재료,육류,돼지고기,등심,,TRUE
신선 식품 · 원물 재료,육류,돼지고기,안심,,TRUE
신선 식품 · 원물 재료,육류,돼지고기,앞다리살,,TRUE
신선 식품 · 원물 재료,육류,돼지고기,뒷다리살,,TRUE
신선 식품 · 원물 재료,육류,돼지고기,사태,,TRUE
신선 식품 · 원물 재료,육류,돼지고기,머릿고기,,TRUE
신선 식품 · 원물 재료,육류,돼지고기,가브리살,,TRUE
신선 식품 · 원물 재료,육류,돼지고기,갈매기살,,TRUE
신선 식품 · 원물 재료,육류,돼지고기,뽈살(귀밑살),,TRUE
신선 식품 · 원물 재료,육류,돼지고기,족발,,TRUE
신선 식품 · 원물 재료,육류,돼지고기,곱창,,TRUE
신선 식품 · 원물 재료,육류,돼지고기,막창,,TRUE
신선 식품 · 원물 재료,육류,돼지고기,염통,,TRUE
신선 식품 · 원물 재료,육류,돼지고기,뼈,,TRUE
신선 식품 · 원물 재료,육류,돼지고기,오소리감투,,TRUE
신선 식품 · 원물 재료,육류,돼지고기,도래창,,TRUE
신선 식품 · 원물 재료,육류,돼지고기,간,,TRUE
신선 식품 · 원물 재료,육류,돼지고기,허파,,TRUE
신선 식품 · 원물 재료,육류,돼지고기,콩팥,,TRUE
신선 식품 · 원물 재료,육류,돼지고기,새끼보,,TRUE
신선 식품 · 원물 재료,육류,돼지고기,대패 삼겹살,,TRUE
신선 식품 · 원물 재료,육류,돼지고기,대패 목살,,TRUE
신선 식품 · 원물 재료,육류,돼지고기,다짐육,,TRUE
신선 식품 · 원물 재료,육류,돼지고기,오돌뼈,,TRUE
신선 식품 · 원물 재료,육류,닭고기,가슴살,,TRUE
신선 식품 · 원물 재료,육류,닭고기,다리살,,TRUE
신선 식품 · 원물 재료,육류,닭고기,목살,,TRUE
신선 식품 · 원물 재료,육류,닭고기,안심,,TRUE
신선 식품 · 원물 재료,육류,닭고기,근위(똥집),,TRUE
신선 식품 · 원물 재료,육류,닭고기,날개,,TRUE
신선 식품 · 원물 재료,육류,닭고기,봉,,TRUE
신선 식품 · 원물 재료,육류,닭고기,넓적다리,,TRUE
신선 식품 · 원물 재료,육류,닭고기,염통,,TRUE
신선 식품 · 원물 재료,육류,닭고기,연골,,TRUE
신선 식품 · 원물 재료,육류,닭고기,발(닭발),,TRUE
신선 식품 · 원물 재료,육류,닭고기,안창살,,TRUE
신선 식품 · 원물 재료,육류,닭고기,다짐육,,TRUE
신선 식품 · 원물 재료,육류,오리고기,,,TRUE
신선 식품 · 원물 재료,육류,양고기,,,TRUE
신선 식품 · 원물 재료,육류,염소고기,,,TRUE
신선 식품 · 원물 재료,알류,달걀(계란),,,FALSE
신선 식품 · 원물 재료,알류,삶은 달걀(삶은 계란),,,FALSE
신선 식품 · 원물 재료,알류,메추리알,,,FALSE
신선 식품 · 원물 재료,알류,삶은 메추리알,,,FALSE
신선 식품 · 원물 재료,알류,오리알,,,FALSE
신선 식품 · 원물 재료,알류,거위알,,,FALSE
신선 식품 · 원물 재료,알류,타조알,,,FALSE
신선 식품 · 원물 재료,채소류,잎 새소류,배추,,FALSE
신선 식품 · 원물 재료,채소류,잎 새소류,알배추,,FALSE
신선 식품 · 원물 재료,채소류,잎 새소류,상추,,FALSE
신선 식품 · 원물 재료,채소류,잎 새소류,깻잎,,FALSE
신선 식품 · 원물 재료,채소류,잎 새소류,시금치,,FALSE
신선 식품 · 원물 재료,채소류,잎 새소류,양배추,,FALSE
신선 식품 · 원물 재료,채소류,잎 새소류,청경채,,FALSE
신선 식품 · 원물 재료,채소류,잎 새소류,치커리,,FALSE
신선 식품 · 원물 재료,채소류,잎 새소류,케일,,FALSE
신선 식품 · 원물 재료,채소류,잎 새소류,쌈추,,FALSE
신선 식품 · 원물 재료,채소류,잎 새소류,적겨자,,FALSE
신선 식품 · 원물 재료,채소류,잎 새소류,청겨자,,FALSE
신선 식품 · 원물 재료,채소류,잎 새소류,방울 양배추,,FALSE
신선 식품 · 원물 재료,채소류,잎 새소류,붉은 양배추,,FALSE
신선 식품 · 원물 재료,채소류,잎 새소류,쐐기풀,,FALSE
신선 식품 · 원물 재료,채소류,잎 새소류,냉이,,FALSE
신선 식품 · 원물 재료,채소류,향신 채소류,대파,,FALSE
신선 식품 · 원물 재료,채소류,향신 채소류,쪽파,,FALSE
신선 식품 · 원물 재료,채소류,향신 채소류,양파,,FALSE
신선 식품 · 원물 재료,채소류,향신 채소류,마늘,,FALSE
신선 식품 · 원물 재료,채소류,향신 채소류,다진 마늘,,FALSE
신선 식품 · 원물 재료,채소류,향신 채소류,편 마늘,,FALSE
신선 식품 · 원물 재료,채소류,향신 채소류,생강,,FALSE
신선 식품 · 원물 재료,채소류,향신 채소류,다진 생강,,FALSE
신선 식품 · 원물 재료,채소류,향신 채소류,부추,,FALSE
신선 식품 · 원물 재료,채소류,향신 채소류,루꼴라(루콜라),,FALSE
신선 식품 · 원물 재료,채소류,향신 채소류,딜,,FALSE
신선 식품 · 원물 재료,채소류,향신 채소류,타임(백리향),,FALSE
신선 식품 · 원물 재료,채소류,향신 채소류,고수(코리안더),,FALSE
신선 식품 · 원물 재료,채소류,향신 채소류,공심채(모닝글로리),,FALSE
신선 식품 · 원물 재료,채소류,향신 채소류,레몬그라스,,FALSE
신선 식품 · 원물 재료,채소류,향신 채소류,고추,청양 고추(땡초),FALSE
신선 식품 · 원물 재료,채소류,향신 채소류,고추,꽈리 고추,FALSE
신선 식품 · 원물 재료,채소류,향신 채소류,고추,베트남 고추,FALSE
신선 식품 · 원물 재료,채소류,향신 채소류,고추,오이 고추,FALSE
신선 식품 · 원물 재료,채소류,향신 채소류,고추,아삭이 고추,FALSE
신선 식품 · 원물 재료,채소류,향신 채소류,고추,홍 고추,FALSE
신선 식품 · 원물 재료,채소류,향신 채소류,고추,할라페뇨,FALSE
신선 식품 · 원물 재료,채소류,향신 채소류,고추,페페론치노,FALSE
신선 식품 · 원물 재료,채소류,향신 채소류,고추,하바네로,FALSE
신선 식품 · 원물 재료,채소류,향신 채소류,고추,타이 고추,FALSE
신선 식품 · 원물 재료,채소류,향신 채소류,고추,풋 고추,FALSE
신선 식품 · 원물 재료,채소류,뿌리 채소류(근채류),무,,FALSE
신선 식품 · 원물 재료,채소류,뿌리 채소류(근채류),당근,,FALSE
신선 식품 · 원물 재료,채소류,뿌리 채소류(근채류),감자,,FALSE
신선 식품 · 원물 재료,채소류,뿌리 채소류(근채류),고구마,,FALSE
신선 식품 · 원물 재료,채소류,뿌리 채소류(근채류),연근,,FALSE
신선 식품 · 원물 재료,채소류,뿌리 채소류(근채류),비트,,FALSE
신선 식품 · 원물 재료,채소류,뿌리 채소류(근채류),우엉,,FALSE
신선 식품 · 원물 재료,채소류,열매 채소류,토마토,,FALSE
신선 식품 · 원물 재료,채소류,열매 채소류,방울 토마토,,FALSE
신선 식품 · 원물 재료,채소류,열매 채소류,가지,,FALSE
신선 식품 · 원물 재료,채소류,열매 채소류,피망,청피망,TRUE
신선 식품 · 원물 재료,채소류,열매 채소류,피망,홍피망,TRUE
신선 식품 · 원물 재료,채소류,열매 채소류,파프리카,,FALSE
신선 식품 · 원물 재료,채소류,열매 채소류,오이,,FALSE
신선 식품 · 원물 재료,채소류,열매 채소류,호박,,FALSE
신선 식품 · 원물 재료,채소류,열매 채소류,애호박,,FALSE
신선 식품 · 원물 재료,채소류,열매 채소류,단호박(밤호박),,FALSE
신선 식품 · 원물 재료,채소류,열매 채소류,주키니호박,,FALSE
신선 식품 · 원물 재료,채소류,열매 채소류,수세미,,FALSE
신선 식품 · 원물 재료,채소류,열매 채소류,여주,,FALSE
신선 식품 · 원물 재료,채소류,줄기 · 꽃 채소류,고사리,,FALSE
신선 식품 · 원물 재료,채소류,줄기 · 꽃 채소류,아스파라거스,,FALSE
신선 식품 · 원물 재료,채소류,줄기 · 꽃 채소류,브로콜리,,FALSE
신선 식품 · 원물 재료,채소류,줄기 · 꽃 채소류,죽순,,FALSE
신선 식품 · 원물 재료,채소류,줄기 · 꽃 채소류,콜리플라워,,FALSE
신선 식품 · 원물 재료,채소류,줄기 · 꽃 채소류,셀러리,,FALSE
신선 식품 · 원물 재료,채소류,줄기 · 꽃 채소류,미나리,,FALSE
신선 식품 · 원물 재료,채소류,줄기 · 꽃 채소류,호박꽃,,FALSE
신선 식품 · 원물 재료,채소류,허브,로즈마리,,FALSE
신선 식품 · 원물 재료,채소류,허브,바질,,FALSE
신선 식품 · 원물 재료,채소류,허브,페퍼민트,,FALSE
신선 식품 · 원물 재료,채소류,허브,라벤더,,FALSE
신선 식품 · 원물 재료,채소류,허브,캐모마일,,FALSE
신선 식품 · 원물 재료,채소류,허브,파슬리,,FALSE
신선 식품 · 원물 재료,채소류,허브,타이거 허브(타임),,FALSE
신선 식품 · 원물 재료,버섯류,팽이 버섯,,,FALSE
신선 식품 · 원물 재료,버섯류,표고 버섯,,,FALSE
신선 식품 · 원물 재료,버섯류,새송이 버섯,,,FALSE
신선 식품 · 원물 재료,버섯류,느타리 버섯,,,FALSE
신선 식품 · 원물 재료,버섯류,양송이 버섯,,,FALSE
신선 식품 · 원물 재료,버섯류,송이 버섯,,,FALSE
신선 식품 · 원물 재료,버섯류,능이 버섯,,,FALSE
신선 식품 · 원물 재료,버섯류,상황 버섯,,,FALSE
신선 식품 · 원물 재료,버섯류,영지 버섯,,,FALSE
신선 식품 · 원물 재료,버섯류,목이 버섯,,,FALSE
신선 식품 · 원물 재료,버섯류,백목이 버섯,,,FALSE
신선 식품 · 원물 재료,버섯류,동충하초,,,FALSE
신선 식품 · 원물 재료,수산류,생선류,고등어,순살,TRUE
신선 식품 · 원물 재료,수산류,생선류,갈치,순살,TRUE
신선 식품 · 원물 재료,수산류,생선류,꽁치,,FALSE
신선 식품 · 원물 재료,수산류,생선류,조기(굴비),,FALSE
신선 식품 · 원물 재료,수산류,생선류,삼치,,FALSE
신선 식품 · 원물 재료,수산류,생선류,가자미,,FALSE
신선 식품 · 원물 재료,수산류,생선류,대구,,FALSE
신선 식품 · 원물 재료,수산류,생선류,장어,,FALSE
신선 식품 · 원물 재료,수산류,생선류,연어,횟감용(생연어),TRUE
신선 식품 · 원물 재료,수산류,생선류,연어,구이/스테이크용,TRUE
신선 식품 · 원물 재료,수산류,생선류,명태,생태,TRUE
신선 식품 · 원물 재료,수산류,생선류,명태,동태,TRUE
신선 식품 · 원물 재료,수산류,생선류,광어,,FALSE
신선 식품 · 원물 재료,수산류,생선류,아귀,,FALSE
신선 식품 · 원물 재료,수산류,생선류,참치(참다랑어),,FALSE
신선 식품 · 원물 재료,수산류,생선류,우럭,,FALSE
신선 식품 · 원물 재료,수산류,생선류,참돔,,FALSE
신선 식품 · 원물 재료,수산류,생선류,돌돔,,FALSE
신선 식품 · 원물 재료,수산류,생선류,농어,,FALSE
신선 식품 · 원물 재료,수산류,생선류,도다리,,FALSE
신선 식품 · 원물 재료,수산류,생선류,방어,,FALSE
신선 식품 · 원물 재료,수산류,생선류,전어,,FALSE
신선 식품 · 원물 재료,수산류,생선류,숭어,,FALSE
신선 식품 · 원물 재료,수산류,생선류,쥐치,,FALSE
신선 식품 · 원물 재료,수산류,두족류,오징어,,FALSE
신선 식품 · 원물 재료,수산류,두족류,한치,,FALSE
신선 식품 · 원물 재료,수산류,두족류,문어,,FALSE
신선 식품 · 원물 재료,수산류,두족류,낙지,,FALSE
신선 식품 · 원물 재료,수산류,두족류,주꾸미,,FALSE
신선 식품 · 원물 재료,수산류,두족류,갑오징어,,FALSE
신선 식품 · 원물 재료,수산류,두족류,꼴두기,,FALSE
신선 식품 · 원물 재료,수산류,두족류,대왕문어,,FALSE
신선 식품 · 원물 재료,수산류,두족류,참문어,,FALSE
신선 식품 · 원물 재료,수산류,갑각류,새우,대하,FALSE
신선 식품 · 원물 재료,수산류,갑각류,새우,흰다리새우,FALSE
신선 식품 · 원물 재료,수산류,갑각류,새우,블랙타이거새우(얼룩새우),FALSE
신선 식품 · 원물 재료,수산류,갑각류,새우,독도새우,FALSE
신선 식품 · 원물 재료,수산류,갑각류,새우,딱새우,FALSE
신선 식품 · 원물 재료,수산류,갑각류,새우,보리새우,FALSE
신선 식품 · 원물 재료,수산류,갑각류,게,꽃게,FALSE
신선 식품 · 원물 재료,수산류,갑각류,게,대게,FALSE
신선 식품 · 원물 재료,수산류,갑각류,게,홍게,FALSE
신선 식품 · 원물 재료,수산류,갑각류,게,킹크랩,FALSE
신선 식품 · 원물 재료,수산류,갑각류,랍스터(바닷가재),,FALSE
신선 식품 · 원물 재료,수산류,조개류 · 패류,바지락,,FALSE
신선 식품 · 원물 재료,수산류,조개류 · 패류,홍합,,FALSE
신선 식품 · 원물 재료,수산류,조개류 · 패류,가리비,,FALSE
신선 식품 · 원물 재료,수산류,조개류 · 패류,꼬막,,FALSE
신선 식품 · 원물 재료,수산류,조개류 · 패류,전복,,FALSE
신선 식품 · 원물 재료,수산류,조개류 · 패류,백합(동죽),,FALSE
신선 식품 · 원물 재료,수산류,조개류 · 패류,소라,,FALSE
신선 식품 · 원물 재료,수산류,조개류 · 패류,굴,,FALSE
신선 식품 · 원물 재료,수산류,조개류 · 패류,키조개(관자),,FALSE
신선 식품 · 원물 재료,수산류,해조류,미역,,FALSE
신선 식품 · 원물 재료,수산류,해조류,다시마,,FALSE
신선 식품 · 원물 재료,수산류,해조류,김,,FALSE
신선 식품 · 원물 재료,수산류,해조류,파래,,FALSE
신선 식품 · 원물 재료,수산류,해조류,매생이,,FALSE
신선 식품 · 원물 재료,수산류,해조류,톳,,FALSE
신선 식품 · 원물 재료,과일,사과,,,FALSE
신선 식품 · 원물 재료,과일,배,,,FALSE
신선 식품 · 원물 재료,과일,감,,,FALSE
신선 식품 · 원물 재료,과일,레몬,,,FALSE
신선 식품 · 원물 재료,과일,라임,,,FALSE
신선 식품 · 원물 재료,과일,귤,,,FALSE
신선 식품 · 원물 재료,과일,한라봉,,,FALSE
신선 식품 · 원물 재료,과일,오렌지,,,FALSE
신선 식품 · 원물 재료,과일,자몽,,,FALSE
신선 식품 · 원물 재료,과일,유자,,,FALSE
신선 식품 · 원물 재료,과일,딸기,,,FALSE
신선 식품 · 원물 재료,과일,블루베리,,,FALSE
신선 식품 · 원물 재료,과일,라즈베리,,,FALSE
신선 식품 · 원물 재료,과일,블랙베리,,,FALSE
신선 식품 · 원물 재료,과일,체리,,,FALSE
신선 식품 · 원물 재료,과일,바나나,,,FALSE
신선 식품 · 원물 재료,과일,파인애플,,,FALSE
신선 식품 · 원물 재료,과일,망고,,,FALSE
신선 식품 · 원물 재료,과일,코코넛,,,FALSE
신선 식품 · 원물 재료,과일,아보카도,,,FALSE
신선 식품 · 원물 재료,과일,파파야,,,FALSE
신선 식품 · 원물 재료,과일,포도,,,FALSE
신선 식품 · 원물 재료,과일,청포도,,,FALSE
신선 식품 · 원물 재료,과일,샤인머스캣,,,FALSE
신선 식품 · 원물 재료,과일,복숭아,,,FALSE
신선 식품 · 원물 재료,과일,자두,,,FALSE
신선 식품 · 원물 재료,과일,수박,,,FALSE
신선 식품 · 원물 재료,과일,멜론,,,FALSE
신선 식품 · 원물 재료,과일,참외,,,FALSE
신선 식품 · 원물 재료,과일,석류,,,FALSE
신선 식품 · 원물 재료,곡물 · 콩 · 견과류 · 씨앗,쌀,백미,,FALSE
신선 식품 · 원물 재료,곡물 · 콩 · 견과류 · 씨앗,쌀,현미,,FALSE
신선 식품 · 원물 재료,곡물 · 콩 · 견과류 · 씨앗,쌀,찹쌀,,FALSE
신선 식품 · 원물 재료,곡물 · 콩 · 견과류 · 씨앗,쌀,흑미,,FALSE
신선 식품 · 원물 재료,곡물 · 콩 · 견과류 · 씨앗,잡곡,보리,,FALSE
신선 식품 · 원물 재료,곡물 · 콩 · 견과류 · 씨앗,잡곡,귀리,,FALSE
신선 식품 · 원물 재료,곡물 · 콩 · 견과류 · 씨앗,잡곡,수수,,FALSE
신선 식품 · 원물 재료,곡물 · 콩 · 견과류 · 씨앗,잡곡,조,,FALSE
신선 식품 · 원물 재료,곡물 · 콩 · 견과류 · 씨앗,잡곡,기장,,FALSE
신선 식품 · 원물 재료,곡물 · 콩 · 견과류 · 씨앗,잡곡,율무,,FALSE
신선 식품 · 원물 재료,곡물 · 콩 · 견과류 · 씨앗,콩,대두(메주콩),,FALSE
신선 식품 · 원물 재료,곡물 · 콩 · 견과류 · 씨앗,콩,검은콩(서리태),,FALSE
신선 식품 · 원물 재료,곡물 · 콩 · 견과류 · 씨앗,콩,팥,,FALSE
신선 식품 · 원물 재료,곡물 · 콩 · 견과류 · 씨앗,콩,완두콩,,FALSE
신선 식품 · 원물 재료,곡물 · 콩 · 견과류 · 씨앗,콩,강낭콩,,FALSE
신선 식품 · 원물 재료,곡물 · 콩 · 견과류 · 씨앗,콩,병아리콩,,FALSE
신선 식품 · 원물 재료,곡물 · 콩 · 견과류 · 씨앗,콩,렌틸콩,,FALSE
신선 식품 · 원물 재료,곡물 · 콩 · 견과류 · 씨앗,콩,녹두,,FALSE
신선 식품 · 원물 재료,곡물 · 콩 · 견과류 · 씨앗,콩,호두,,FALSE
신선 식품 · 원물 재료,곡물 · 콩 · 견과류 · 씨앗,콩,아몬드,,FALSE
신선 식품 · 원물 재료,곡물 · 콩 · 견과류 · 씨앗,콩,땅콩,,FALSE
신선 식품 · 원물 재료,곡물 · 콩 · 견과류 · 씨앗,콩,잣,,FALSE
신선 식품 · 원물 재료,곡물 · 콩 · 견과류 · 씨앗,콩,피칸,,FALSE
신선 식품 · 원물 재료,곡물 · 콩 · 견과류 · 씨앗,콩,피스타치오,,FALSE
신선 식품 · 원물 재료,곡물 · 콩 · 견과류 · 씨앗,콩,캐슈넛,,FALSE
신선 식품 · 원물 재료,곡물 · 콩 · 견과류 · 씨앗,콩,마카다미아,,FALSE
신선 식품 · 원물 재료,곡물 · 콩 · 견과류 · 씨앗,씨앗,호박씨,,FALSE
신선 식품 · 원물 재료,곡물 · 콩 · 견과류 · 씨앗,씨앗,해바라기씨,,FALSE
신선 식품 · 원물 재료,곡물 · 콩 · 견과류 · 씨앗,참깨,,,FALSE
신선 식품 · 원물 재료,곡물 · 콩 · 견과류 · 씨앗,들깨,,,FALSE
신선 식품 · 원물 재료,곡물 · 콩 · 견과류 · 씨앗,검은깨,,,FALSE
신선 식품 · 원물 재료,건조 원물 재료,건어물 · 건해산물,국물용 멸치,,FALSE
신선 식품 · 원물 재료,건조 원물 재료,건어물 · 건해산물,볶음용 멸치(잔멸치),,FALSE
신선 식품 · 원물 재료,건조 원물 재료,건어물 · 건해산물,마른 오징어,,FALSE
신선 식품 · 원물 재료,건조 원물 재료,건어물 · 건해산물,쥐포,,FALSE
신선 식품 · 원물 재료,건조 원물 재료,건어물 · 건해산물,황태채,,FALSE
신선 식품 · 원물 재료,건조 원물 재료,건어물 · 건해산물,북어(말린 명태),,FALSE
신선 식품 · 원물 재료,건조 원물 재료,건어물 · 건해산물,먹태,,FALSE
신선 식품 · 원물 재료,건조 원물 재료,건어물 · 건해산물,디포리(밴댕이),,FALSE
신선 식품 · 원물 재료,건조 원물 재료,건어물 · 건해산물,건새우,,FALSE
신선 식품 · 원물 재료,건조 원물 재료,건어물 · 건해산물,건미역,,FALSE
신선 식품 · 원물 재료,건조 원물 재료,건어물 · 건해산물,건다시마,,FALSE
신선 식품 · 원물 재료,건조 원물 재료,건조 채소/나물,건표고버섯,,FALSE
신선 식품 · 원물 재료,건조 원물 재료,건조 채소/나물,무말랭이,,FALSE
신선 식품 · 원물 재료,건조 원물 재료,건조 채소/나물,건고사리,,FALSE
신선 식품 · 원물 재료,건조 원물 재료,건조 채소/나물,시래기(무청),,FALSE
신선 식품 · 원물 재료,건조 원물 재료,건조 채소/나물,말린가지(가지말림),,FALSE
신선 식품 · 원물 재료,건조 원물 재료,건조 채소/나물,애초박고지,,FALSE
신선 식품 · 원물 재료,건조 원물 재료,건조 과일,건포도,,FALSE
신선 식품 · 원물 재료,건조 원물 재료,건조 과일,곶감,,FALSE
신선 식품 · 원물 재료,건조 원물 재료,건조 과일,건크랜배리,,FALSE
신선 식품 · 원물 재료,건조 원물 재료,건조 과일,말린 망고,,FALSE
신선 식품 · 원물 재료,건조 원물 재료,건조 과일,말린 무화과,,FALSE
신선 식품 · 원물 재료,건조 원물 재료,약재 · 기타 건조물,대추,,FALSE
신선 식품 · 원물 재료,건조 원물 재료,약재 · 기타 건조물,수삼,,FALSE
신선 식품 · 원물 재료,건조 원물 재료,약재 · 기타 건조물,인삼,,FALSE
신선 식품 · 원물 재료,건조 원물 재료,약재 · 기타 건조물,황기,,FALSE
신선 식품 · 원물 재료,건조 원물 재료,약재 · 기타 건조물,당귀,,FALSE
신선 식품 · 원물 재료,건조 원물 재료,약재 · 기타 건조물,감초,,FALSE
신선 식품 · 원물 재료,건조 원물 재료,약재 · 기타 건조물,계피,,FALSE
양념 · 소스 · 조미료 · 분말류,연두,,,,FALSE
양념 · 소스 · 조미료 · 분말류,코인 육수,,,,FALSE
양념 · 소스 · 조미료 · 분말류,맛술(미림),,,,FALSE
양념 · 소스 · 조미료 · 분말류,레몬즙,,,,FALSE
양념 · 소스 · 조미료 · 분말류,올리고당,,,,FALSE
양념 · 소스 · 조미료 · 분말류,물엿,,,,FALSE
양념 · 소스 · 조미료 · 분말류,알룰로스,,,,FALSE
양념 · 소스 · 조미료 · 분말류,조청,,,,FALSE
양념 · 소스 · 조미료 · 분말류,요리당,,,,FALSE
양념 · 소스 · 조미료 · 분말류,매실액(매실청),,,,FALSE
양념 · 소스 · 조미료 · 분말류,꿀,,,,FALSE
양념 · 소스 · 조미료 · 분말류,케첩,,,,FALSE
양념 · 소스 · 조미료 · 분말류,마요네즈,,,,FALSE
양념 · 소스 · 조미료 · 분말류,키위 드레싱,,,,FALSE
양념 · 소스 · 조미료 · 분말류,시저 드레싱,,,,FALSE
양념 · 소스 · 조미료 · 분말류,이탈리안 드레싱,,,,FALSE
양념 · 소스 · 조미료 · 분말류,참깨 드레싱,,,,FALSE
양념 · 소스 · 조미료 · 분말류,레몬 드레싱,,,,FALSE
양념 · 소스 · 조미료 · 분말류,흑임자 드레싱,,,,FALSE
양념 · 소스 · 조미료 · 분말류,발사믹 드레싱,,,,FALSE
양념 · 소스 · 조미료 · 분말류,사우전드 아릴랜드,,,,FALSE
양념 · 소스 · 조미료 · 분말류,머스터드,,,,FALSE
양념 · 소스 · 조미료 · 분말류,케이준 시즈닝,,,,FALSE
양념 · 소스 · 조미료 · 분말류,홀그레인 머스터드,,,,FALSE
양념 · 소스 · 조미료 · 분말류,치킨 스톡,,,,FALSE
양념 · 소스 · 조미료 · 분말류,굴 소스,,,,FALSE
양념 · 소스 · 조미료 · 분말류,칠리 소스,,,,FALSE
양념 · 소스 · 조미료 · 분말류,참치액,,,,FALSE
양념 · 소스 · 조미료 · 분말류,스리라차 소스,,,,FALSE
양념 · 소스 · 조미료 · 분말류,토마토 소스,,,,FALSE
양념 · 소스 · 조미료 · 분말류,크림 소스,,,,FALSE
양념 · 소스 · 조미료 · 분말류,바비큐 소스,,,,FALSE
양념 · 소스 · 조미료 · 분말류,돈가스 소스,,,,FALSE
양념 · 소스 · 조미료 · 분말류,분말 곡류 · 전분류,밀가루,강력분,,TRUE
양념 · 소스 · 조미료 · 분말류,분말 곡류 · 전분류,밀가루,중력분,,TRUE
양념 · 소스 · 조미료 · 분말류,분말 곡류 · 전분류,밀가루,박력분,,TRUE
양념 · 소스 · 조미료 · 분말류,분말 곡류 · 전분류,부침가루,,,FALSE
양념 · 소스 · 조미료 · 분말류,분말 곡류 · 전분류,튀김가루,,,FALSE
양념 · 소스 · 조미료 · 분말류,분말 곡류 · 전분류,빵가루,,,FALSE
양념 · 소스 · 조미료 · 분말류,분말 곡류 · 전분류,전분가루,감자,,TRUE
양념 · 소스 · 조미료 · 분말류,분말 곡류 · 전분류,전분가루,고구마,,TRUE
양념 · 소스 · 조미료 · 분말류,분말 곡류 · 전분류,전분가루,옥수수,,TRUE
양념 · 소스 · 조미료 · 분말류,분말 곡류 · 전분류,찹쌀가루,,,FALSE
양념 · 소스 · 조미료 · 분말류,분말 곡류 · 전분류,콩가루,,,FALSE
양념 · 소스 · 조미료 · 분말류,분말 곡류 · 전분류,들깨가루,,,FALSE
양념 · 소스 · 조미료 · 분말류,분말 조미료,스테비아,,,FALSE
양념 · 소스 · 조미료 · 분말류,분말 조미료,설탕,백설탕,,FALSE
양념 · 소스 · 조미료 · 분말류,분말 조미료,설탕,황설탕,,FALSE
양념 · 소스 · 조미료 · 분말류,분말 조미료,설탕,흑설탕,,FALSE
양념 · 소스 · 조미료 · 분말류,분말 조미료,소금,꽃소금,,FALSE
양념 · 소스 · 조미료 · 분말류,분말 조미료,소금,맛소금,,FALSE
양념 · 소스 · 조미료 · 분말류,분말 조미료,후추(순후추),통후추,,FALSE
양념 · 소스 · 조미료 · 분말류,분말 조미료,고춧가루,굵은 고춧가루,,FALSE
양념 · 소스 · 조미료 · 분말류,분말 조미료,고춧가루,고운 고춧가루,,FALSE
양념 · 소스 · 조미료 · 분말류,분말 조미료,카레 가루,,,FALSE
양념 · 소스 · 조미료 · 분말류,분말 조미료,짜장 가루,,,FALSE
양념 · 소스 · 조미료 · 분말류,분말 조미료,쇠고기 다시다,,,FALSE
양념 · 소스 · 조미료 · 분말류,분말 조미료,멸치 다시다,,,FALSE
양념 · 소스 · 조미료 · 분말류,분말 조미료,마늘 가루,,,FALSE
양념 · 소스 · 조미료 · 분말류,분말 조미료,양파 가루,,,FALSE
양념 · 소스 · 조미료 · 분말류,분말 조미료,오레가노 럽드,,,FALSE
양념 · 소스 · 조미료 · 분말류,분말 조미료,바질 럽드,,,FALSE
양념 · 소스 · 조미료 · 분말류,분말 조미료,파슬리 가루,,,FALSE
양념 · 소스 · 조미료 · 분말류,분말 조미료,시나몬 가루,,,FALSE
양념 · 소스 · 조미료 · 분말류,분말 조미료,계피 가루,,,FALSE
양념 · 소스 · 조미료 · 분말류,장류,고추장,,,FALSE
양념 · 소스 · 조미료 · 분말류,장류,미소 된장,,,FALSE
양념 · 소스 · 조미료 · 분말류,장류,된장,,,FALSE
양념 · 소스 · 조미료 · 분말류,장류,쌈장,,,FALSE
양념 · 소스 · 조미료 · 분말류,장류,춘장,,,FALSE
양념 · 소스 · 조미료 · 분말류,장류,청국장,,,FALSE
양념 · 소스 · 조미료 · 분말류,장류,초장,,,FALSE
양념 · 소스 · 조미료 · 분말류,장류,연겨자,,,FALSE
양념 · 소스 · 조미료 · 분말류,장류,고추냉이(와사비),,,FALSE
양념 · 소스 · 조미료 · 분말류,장류,간장,진간장,,FALSE
양념 · 소스 · 조미료 · 분말류,장류,간장,국간장,,FALSE
양념 · 소스 · 조미료 · 분말류,장류,간장,맛간장,,FALSE
양념 · 소스 · 조미료 · 분말류,장류,간장,조림장,,FALSE
양념 · 소스 · 조미료 · 분말류,장류,간장,양조간장,,FALSE
양념 · 소스 · 조미료 · 분말류,장류,간장,쯔유,,FALSE
양념 · 소스 · 조미료 · 분말류,장류,간장,해선간장,,FALSE
양념 · 소스 · 조미료 · 분말류,액젓/젓갈,멸치 액젓(멜젓),,,FALSE
양념 · 소스 · 조미료 · 분말류,액젓/젓갈,갈치 속젓,,,FALSE
양념 · 소스 · 조미료 · 분말류,액젓/젓갈,까나리 액젓,,,FALSE
양념 · 소스 · 조미료 · 분말류,액젓/젓갈,참치 액젓,,,FALSE
양념 · 소스 · 조미료 · 분말류,액젓/젓갈,새우젓,,,FALSE
양념 · 소스 · 조미료 · 분말류,액젓/젓갈,명란젓,,,FALSE
양념 · 소스 · 조미료 · 분말류,액젓/젓갈,오징어젓,,,FALSE
양념 · 소스 · 조미료 · 분말류,액젓/젓갈,낙지젓,,,FALSE
양념 · 소스 · 조미료 · 분말류,액젓/젓갈,어리굴젓,,,FALSE
양념 · 소스 · 조미료 · 분말류,액젓/젓갈,창란젓,,,FALSE
양념 · 소스 · 조미료 · 분말류,식초,사과 식초,,,FALSE
양념 · 소스 · 조미료 · 분말류,식초,양조 식초,,,FALSE
양념 · 소스 · 조미료 · 분말류,식초,현미 식초,,,FALSE
유지류(오일),식용유,콩기름,,,FALSE
유지류(오일),식용유,카놀라유,,,FALSE
유지류(오일),식용유,포도씨유,,,FALSE
유지류(오일),식용유,해바라기씨유,,,FALSE
유지류(오일),식용유,옥수수유,,,FALSE
유지류(오일),식용유,올리브유,,,FALSE
유지류(오일),식용유,올리브유,엑스트라 버진,,FALSE
유지류(오일),풍미유 · 향미유,참기름,,,FALSE
유지류(오일),풍미유 · 향미유,들기름,,,FALSE
유지류(오일),풍미유 · 향미유,고추기름(라유),,,FALSE
유지류(오일),풍미유 · 향미유,파기름,,,FALSE
유지류(오일),풍미유 · 향미유,트러플 오일,,,FALSE
유지류(오일),풍미유 · 향미유,아보카도 오일,,,FALSE
유지류(오일),풍미유 · 향미유,코코넛 오일,,,FALSE
유지류(오일),고체 유지류,마가린,,,FALSE
유지류(오일),고체 유지류,라드(돼지 기름),,,FALSE
유지류(오일),고체 유지류,쇼트닝,,,FALSE
유제품(대체유),우유,,,,FALSE
유제품(대체유),아몬드 밀크(아몬드유),,,,FALSE
유제품(대체유),오트 밀크(귀리 우유),,,,FALSE
유제품(대체유),요거트,플레인,,,FALSE
유제품(대체유),요거트,그릭,,,FALSE
유제품(대체유),연유,,,,FALSE
유제품(대체유),버터,무염 버터,,,FALSE
유제품(대체유),버터,가염 버터,,,FALSE
유제품(대체유),버터,기 버터,,,FALSE
유제품(대체유),크림,생크림(유크림),,,FALSE
유제품(대체유),크림,동물성 휘핑 크림,,,FALSE
유제품(대체유),크림,식물성 휘핑 크림,,,FALSE
유제품(대체유),크림,샤워 크림,,,FALSE
유제품(대체유),크림,클로티드 크림,,,FALSE
유제품(대체유),치즈,슬라이스 치즈,,,FALSE
유제품(대체유),치즈,슬라이스 체다 치즈,,,FALSE
유제품(대체유),치즈,슈레드 치즈(피자 치즈),,,FALSE
유제품(대체유),치즈,크림 치즈,,,FALSE
유제품(대체유),치즈,모짜렐라 치즈,,,FALSE
유제품(대체유),치즈,체다 치즈,,,FALSE
유제품(대체유),치즈,파르미지아노 레자노(파마산 치즈),,,FALSE
유제품(대체유),치즈,리코타 치즈,,,FALSE
유제품(대체유),치즈,브라타 치즈,,,FALSE
유제품(대체유),치즈,고다 치즈,,,FALSE
유제품(대체유),치즈,마스파코네 치즈,,,FALSE
유제품(대체유),치즈,파마산 치즈 가루,,,FALSE
가공 식품 및 재료,쌀밥(햇반/즉석 밥),,,,FALSE
가공 식품 및 재료,도토리묵,,,,FALSE
가공 식품 및 재료,청포묵,,,,FALSE
가공 식품 및 재료,단무지,,,,FALSE
가공 식품 및 재료,마늘 후레이크,,,,FALSE
가공 식품 및 재료,양파 후레이크,,,,FALSE
가공 식품 및 재료,크러쉬드 페퍼,,,,FALSE
가공 식품 및 재료,베이컨 칩,,,,FALSE
가공 식품 및 재료,후리카케,,,,FALSE
가공 식품 및 재료,크루통,,,,FALSE
가공 식품 및 재료,피클,,,,FALSE
가공 식품 및 재료,할라피뇨,,,,FALSE
가공 식품 및 재료,케이퍼,,,,FALSE
가공 식품 및 재료,육류 가공 식품,사골 곰탕,,,FALSE
가공 식품 및 재료,육류 가공 식품,비엔나 소시지,,,FALSE
가공 식품 및 재료,육류 가공 식품,소시지,,,FALSE
가공 식품 및 재료,육류 가공 식품,슬라이스 햄,,,FALSE
가공 식품 및 재료,육류 가공 식품,통조림 햄(스팸),,,FALSE
가공 식품 및 재료,육류 가공 식품,베이컨,,,FALSE
가공 식품 및 재료,육류 가공 식품,살라미(페퍼로니),,,FALSE
가공 식품 및 재료,육류 가공 식품,순대,,,FALSE
가공 식품 및 재료,수산 가공 식품,어묵(오뎅),,,FALSE
가공 식품 및 재료,수산 가공 식품,맛살,,,FALSE
가공 식품 및 재료,수산 가공 식품,크래미,,,FALSE
가공 식품 및 재료,수산 가공 식품,진미채,,,FALSE
가공 식품 및 재료,수산 가공 식품,건어물채,,,FALSE
가공 식품 및 재료,통조림,참치,,,TRUE
가공 식품 및 재료,통조림,꽁치,,,TRUE
가공 식품 및 재료,통조림,골뱅이,,,TRUE
가공 식품 및 재료,통조림,스위트 콘,,,FALSE
가공 식품 및 재료,통조림,베이크드 빈스,,,FALSE
가공 식품 및 재료,통조림,블랙 올리브,,,FALSE
가공 식품 및 재료,면,중면,,,FALSE
가공 식품 및 재료,면,소면,,,FALSE
가공 식품 및 재료,면,당면,,,FALSE
가공 식품 및 재료,면,넓적 당면,,,FALSE
가공 식품 및 재료,면,뉴진면,,,FALSE
가공 식품 및 재료,면,옥수수면,,,FALSE
가공 식품 및 재료,면,분모자,,,FALSE
가공 식품 및 재료,면,라면 사리,,,FALSE
가공 식품 및 재료,면,칼국수면,,,FALSE
가공 식품 및 재료,면,우동면,,,FALSE
가공 식품 및 재료,면,쫄면,,,FALSE
가공 식품 및 재료,면,쌀국수면,,,FALSE
가공 식품 및 재료,면,수제비,,,FALSE
가공 식품 및 재료,파스타,스파게티,,,FALSE
가공 식품 및 재료,파스타,팬네,,,FALSE
가공 식품 및 재료,파스타,마카로니,,,FALSE
가공 식품 및 재료,파스타,푸실리,,,FALSE
가공 식품 및 재료,파스타,라자냐,,,FALSE
가공 식품 및 재료,인스턴트 라면,농심 신라면,,,FALSE
가공 식품 및 재료,인스턴트 라면,농심 안성탕면,,,FALSE
가공 식품 및 재료,인스턴트 라면,농심 사리곰탕면,,,FALSE
가공 식품 및 재료,인스턴트 라면,농심 너구리,,,FALSE
가공 식품 및 재료,인스턴트 라면,농심 짜파게티,,,FALSE
가공 식품 및 재료,인스턴트 라면,농심 사천 짜파게티,,,FALSE
가공 식품 및 재료,인스턴트 라면,농심 육개장 사발면,,,FALSE
가공 식품 및 재료,인스턴트 라면,농심 멸치 칼국수,,,FALSE
가공 식품 및 재료,인스턴트 라면,농심 생생우동,,,FALSE
가공 식품 및 재료,인스턴트 라면,농심 오징어짬뽕,,,FALSE
가공 식품 및 재료,인스턴트 라면,삼양 삼양라면,,,FALSE
가공 식품 및 재료,인스턴트 라면,삼양 불닭볶음면,,,FALSE
가공 식품 및 재료,인스턴트 라면,삼양 까르보 불닭볶음면,,,FALSE
가공 식품 및 재료,인스턴트 라면,삼양 불닭볶음탕면,,,FALSE
가공 식품 및 재료,인스턴트 라면,삼양 짜짜로니,,,FALSE
가공 식품 및 재료,인스턴트 라면,팔도 비빔면,,,FALSE
가공 식품 및 재료,인스턴트 라면,팔도 왕뚜껑,,,FALSE
가공 식품 및 재료,인스턴트 라면,오뚜기 진라면 매운맛,,,FALSE
가공 식품 및 재료,인스턴트 라면,오뚜기 진라면 순한맛,,,FALSE
가공 식품 및 재료,인스턴트 라면,오뚜기 참깨라면,,,FALSE
가공 식품 및 재료,인스턴트 라면,오뚜기 열라면,,,FALSE
가공 식품 및 재료,인스턴트 라면,오뚜기 진짬뽕,,,FALSE
가공 식품 및 재료,인스턴트 라면,오뚜기 진짜장,,,FALSE
가공 식품 및 재료,인스턴트 라면,오뚜기 짜슐랭,,,FALSE
가공 식품 및 재료,인스턴트 라면,오모리 김치찌개 라면,,,FALSE
가공 식품 및 재료,두부,부침용,,,TRUE
가공 식품 및 재료,두부,찌개용,,,TRUE
가공 식품 및 재료,두부,순두부,,,FALSE
가공 식품 및 재료,두부,연두부,,,FALSE
가공 식품 및 재료,두부,건두부(푸주),,,FALSE
가공 식품 및 재료,두부,두부피(포두부),,,FALSE
가공 식품 및 재료,두부,유부,,,FALSE
가공 식품 및 재료,빵,식빵,,,FALSE
가공 식품 및 재료,빵,모닝빵,,,FALSE
가공 식품 및 재료,빵,바게트,,,FALSE
가공 식품 및 재료,빵,햄버거 번,,,FALSE
가공 식품 및 재료,빵,베이글,,,FALSE
가공 식품 및 재료,빵,또띠아,,,FALSE
가공 식품 및 재료,떡,떡국용 떡(쌀떡),,,FALSE
가공 식품 및 재료,떡,떡볶이 떡(쌀떡),,,FALSE
가공 식품 및 재료,떡,떡볶이 떡(밀떡),,,FALSE
가공 식품 및 재료,떡,조랭이 떡,,,FALSE
가공 식품 및 재료,떡,가래 떡,,,FALSE
가공 식품 및 재료,떡,치즈 떡,,,FALSE
가공 식품 및 재료,김치,배추 김치,,,FALSE
가공 식품 및 재료,김치,묵은지,,,FALSE
가공 식품 및 재료,김치,깍두기,,,FALSE
가공 식품 및 재료,김치,열무 김치,,,FALSE
가공 식품 및 재료,김치,오이 김치,,,FALSE
가공 식품 및 재료,김치,파 김치,,,FALSE
가공 식품 및 재료,냉동 · 간편식,냉동 만두,,,FALSE
가공 식품 및 재료,냉동 · 간편식,돈까스,,,FALSE
가공 식품 및 재료,냉동 · 간편식,해시브라운,,,FALSE
가공 식품 및 재료,냉동 · 간편식,치킨(통닭),,,FALSE
가공 식품 및 재료,냉동 · 간편식,치킨 너겟,,,FALSE
가공 식품 및 재료,냉동 · 간편식,치킨 텐더,,,FALSE
생수 · 음료 · 주류,물,,,,FALSE
생수 · 음료 · 주류,탄산수,,,,FALSE
생수 · 음료 · 주류,홍차,티백,,,TRUE
생수 · 음료 · 주류,녹차,티백,,,TRUE
생수 · 음료 · 주류,말차,,,,FALSE
생수 · 음료 · 주류,주류,소주,,,FALSE
생수 · 음료 · 주류,주류,청주,,,FALSE
생수 · 음료 · 주류,주류,고량주,,,FALSE
생수 · 음료 · 주류,주류,화이트와인,,,FALSE
생수 · 음료 · 주류,주류,레드와인,,,FALSE
생수 · 음료 · 주류,주류,맥주,,,FALSE
생수 · 음료 · 주류,주류,럼,,,FALSE
생수 · 음료 · 주류,과일 주스,사과 주스,,,FALSE
생수 · 음료 · 주류,과일 주스,오렌지 주스,,,FALSE
생수 · 음료 · 주류,과일 주스,배 주스,,,FALSE
생수 · 음료 · 주류,탄산 음료,토닉 워터,,,FALSE
생수 · 음료 · 주류,탄산 음료,콜라,,,FALSE
생수 · 음료 · 주류,탄산 음료,사이다,,,FALSE
생수 · 음료 · 주류,탄산 음료,진저 에일,,,FALSE
생수 · 음료 · 주류,커피,에스프레소,,,FALSE
생수 · 음료 · 주류,커피,인스턴트 가루,,,FALSE
디저트 및 베이킹 재료,스프링클,,,,FALSE
디저트 및 베이킹 재료,식용 색소,,,,FALSE
디저트 및 베이킹 재료,핫 케이크 가루(팬 케이크 믹스),,,,FALSE
디저트 및 베이킹 재료,브라우니 믹스,,,,FALSE
디저트 및 베이킹 재료,크로와상 생지,,,,FALSE
디저트 및 베이킹 재료,페스츄리 생지,,,,FALSE
디저트 및 베이킹 재료,팽창제 · 효모,베이킹 파우더,,,FALSE
디저트 및 베이킹 재료,팽창제 · 효모,베이킹 소다,,,FALSE
디저트 및 베이킹 재료,팽창제 · 효모,이스트,,,FALSE
디저트 및 베이킹 재료,향미 · 첨가제,바닐라 익스트랙,,,FALSE
디저트 및 베이킹 재료,향미 · 첨가제,바닐라 빈,,,FALSE
디저트 및 베이킹 재료,향미 · 첨가제,젤라틴,,,FALSE
디저트 및 베이킹 재료,향미 · 첨가제,한천 가루,,,FALSE
디저트 및 베이킹 재료,초콜릿,다크 초콜릿,,,FALSE
디저트 및 베이킹 재료,초콜릿,밀크 초콜릿,,,FALSE
디저트 및 베이킹 재료,초콜릿,초코 칩,,,FALSE
디저트 및 베이킹 재료,파우더,코코아 파우더,,,FALSE
디저트 및 베이킹 재료,파우더,슈가 파우더,,,FALSE
기타,,,,,FALSE